# $Id: family.dump,v 1.7 2002-10-31 16:03:26 abel Exp $

# test data for the family database.

INSERT INTO family (family_id, stable_id, description, release, annotation_confidence_score) VALUES (1,'ENSF00000000001','FIBROBLAST GROWTH FACTOR PRECURSOR FGF','999',160);
INSERT INTO family (family_id, stable_id, description, release, annotation_confidence_score) VALUES (2,'ENSF00000000002','FGF 21','999',124);
INSERT INTO family (family_id, stable_id, description, release, annotation_confidence_score) VALUES (3,'ENSF00000000003','FIBROBLAST GROWTH FACTOR FGF','999',148);
INSERT INTO family (family_id, stable_id, description, release, annotation_confidence_score) VALUES (4,'ENSF00000000004','KERATINOCYTE GROWTH FACTOR PRECURSOR KGF FIBROBLAST GROWTH FACTOR 7 FGF 7 HBGF 7','999',213);
INSERT INTO family (family_id, stable_id, description, release, annotation_confidence_score) VALUES (5,'ENSF00000000005','HEPARIN BINDING GROWTH FACTOR 2 PRECURSOR HBGF 2 BASIC FIBROBLAST GROWTH FACTOR BFGF','999',209);
INSERT INTO family (family_id, stable_id, description, release, annotation_confidence_score) VALUES (6,'ENSF00000000006','FIBROBLAST GROWTH FACTOR FGF','999',148);
INSERT INTO family (family_id, stable_id, description, release, annotation_confidence_score) VALUES (7,'ENSF00000000007','UNKNOWN','999',0);
INSERT INTO family (family_id, stable_id, description, release, annotation_confidence_score) VALUES (8,'ENSF00000000008','UNKNOWN','999',0);
INSERT INTO family (family_id, stable_id, description, release, annotation_confidence_score) VALUES (9,'ENSF00000000009','UNKNOWN','999',0);
INSERT INTO family (family_id, stable_id, description, release, annotation_confidence_score) VALUES (10,'ENSF00000000010','UNKNOWN','999',0);

INSERT INTO external_db (external_db_id,name) VALUES(1,'ENSEMBLGENE');
INSERT INTO external_db (external_db_id,name) VALUES(2,'ENSEMBLPEP');
INSERT INTO external_db (external_db_id,name) VALUES(3,'SPTR');

INSERT INTO family_members (family_id, external_db_id, external_member_id, taxon_id) VALUES (1,1,'ENSG000001101002',9606);
INSERT INTO family_members (family_id, external_db_id, external_member_id, taxon_id) VALUES (2,1,'ENSG000001101002',9606);
INSERT INTO family_members (family_id, external_db_id, external_member_id, taxon_id) VALUES (1,2,'ENSP00000227515',9606);
INSERT INTO family_members (family_id, external_db_id, external_member_id, taxon_id) VALUES (1,1,'ENSMUSG000001101002',10090);
INSERT INTO family_members (family_id, external_db_id, external_member_id, taxon_id) VALUES (1,2,'ENSMUSP00000227515',10090);
INSERT INTO family_members (family_id, external_db_id, external_member_id, taxon_id) VALUES (1,3,'O35622',0);
INSERT INTO family_members (family_id, external_db_id, external_member_id, taxon_id) VALUES (1,3,'O95750',0);
INSERT INTO family_members (family_id, external_db_id, external_member_id, taxon_id) VALUES (2,1,'ENSG000001055502',9606);
INSERT INTO family_members (family_id, external_db_id, external_member_id, taxon_id) VALUES (2,2,'ENSP00000222157',9606);
INSERT INTO family_members (family_id, external_db_id, external_member_id, taxon_id) VALUES (2,1,'ENSMUSG000001055502',10090);
INSERT INTO family_members (family_id, external_db_id, external_member_id, taxon_id) VALUES (2,2,'ENSMUSP00000222157',10090);
INSERT INTO family_members (family_id, external_db_id, external_member_id, taxon_id) VALUES (2,3,'Q9JJN1',0);
INSERT INTO family_members (family_id, external_db_id, external_member_id, taxon_id) VALUES (2,3,'Q9NSA1',0);
INSERT INTO family_members (family_id, external_db_id, external_member_id, taxon_id) VALUES (3,1,'ENSG000001046302',9606);
INSERT INTO family_members (family_id, external_db_id, external_member_id, taxon_id) VALUES (3,1,'ENSG000001078312',9606);
INSERT INTO family_members (family_id, external_db_id, external_member_id, taxon_id) VALUES (3,2,'ENSP00000221073',9606);
INSERT INTO family_members (family_id, external_db_id, external_member_id, taxon_id) VALUES (3,2,'ENSP00000224819',9606);
INSERT INTO family_members (family_id, external_db_id, external_member_id, taxon_id) VALUES (3,2,'ENSP00000231624',9606);
INSERT INTO family_members (family_id, external_db_id, external_member_id, taxon_id) VALUES (3,1,'ENSMUSG000001046302',10090);
INSERT INTO family_members (family_id, external_db_id, external_member_id, taxon_id) VALUES (3,1,'ENSMUSG000001078312',10090);
INSERT INTO family_members (family_id, external_db_id, external_member_id, taxon_id) VALUES (3,2,'ENSMUSP00000221073',10090);
INSERT INTO family_members (family_id, external_db_id, external_member_id, taxon_id) VALUES (3,2,'ENSMUSP00000224819',10090);
INSERT INTO family_members (family_id, external_db_id, external_member_id, taxon_id) VALUES (3,2,'ENSMUSP00000231624',10090);
INSERT INTO family_members (family_id, external_db_id, external_member_id, taxon_id) VALUES (3,3,'O42278',0);
INSERT INTO family_members (family_id, external_db_id, external_member_id, taxon_id) VALUES (3,3,'O57341',0);
INSERT INTO family_members (family_id, external_db_id, external_member_id, taxon_id) VALUES (3,3,'Q90696',0);
INSERT INTO family_members (family_id, external_db_id, external_member_id, taxon_id) VALUES (3,3,'Q90722',0);
INSERT INTO family_members (family_id, external_db_id, external_member_id, taxon_id) VALUES (3,3,'Q9I950',0);
INSERT INTO family_members (family_id, external_db_id, external_member_id, taxon_id) VALUES (3,3,'Q9PT78',0);
INSERT INTO family_members (family_id, external_db_id, external_member_id, taxon_id) VALUES (4,1,'ENSG000000701932',9606);
INSERT INTO family_members (family_id, external_db_id, external_member_id, taxon_id) VALUES (4,1,'ENSG000000703882',9606);
INSERT INTO family_members (family_id, external_db_id, external_member_id, taxon_id) VALUES (4,1,'ENSG000000995182',9606);
INSERT INTO family_members (family_id, external_db_id, external_member_id, taxon_id) VALUES (4,1,'ENSG000001067592',9606);
INSERT INTO family_members (family_id, external_db_id, external_member_id, taxon_id) VALUES (4,2,'ENSP00000166133',9606);
INSERT INTO family_members (family_id, external_db_id, external_member_id, taxon_id) VALUES (4,2,'ENSP00000174549',9606);
INSERT INTO family_members (family_id, external_db_id, external_member_id, taxon_id) VALUES (4,2,'ENSP00000205506',9606);
INSERT INTO family_members (family_id, external_db_id, external_member_id, taxon_id) VALUES (4,2,'ENSP00000215267',9606);
INSERT INTO family_members (family_id, external_db_id, external_member_id, taxon_id) VALUES (4,2,'ENSP00000215530',9606);
INSERT INTO family_members (family_id, external_db_id, external_member_id, taxon_id) VALUES (4,2,'ENSP00000218841',9606);
INSERT INTO family_members (family_id, external_db_id, external_member_id, taxon_id) VALUES (4,2,'ENSP00000220396',9606);
INSERT INTO family_members (family_id, external_db_id, external_member_id, taxon_id) VALUES (4,2,'ENSP00000223595',9606);
INSERT INTO family_members (family_id, external_db_id, external_member_id, taxon_id) VALUES (4,2,'ENSP00000235965',9606);
INSERT INTO family_members (family_id, external_db_id, external_member_id, taxon_id) VALUES (4,1,'ENSMUSG000000701932',10090);
INSERT INTO family_members (family_id, external_db_id, external_member_id, taxon_id) VALUES (4,1,'ENSMUSG000000703882',10090);
INSERT INTO family_members (family_id, external_db_id, external_member_id, taxon_id) VALUES (4,1,'ENSMUSG000000995182',10090);
INSERT INTO family_members (family_id, external_db_id, external_member_id, taxon_id) VALUES (4,1,'ENSMUSG000001067592',10090);
INSERT INTO family_members (family_id, external_db_id, external_member_id, taxon_id) VALUES (4,2,'ENSMUSP00000166133',10090);
INSERT INTO family_members (family_id, external_db_id, external_member_id, taxon_id) VALUES (4,2,'ENSMUSP00000174549',10090);
INSERT INTO family_members (family_id, external_db_id, external_member_id, taxon_id) VALUES (4,2,'ENSMUSP00000205506',10090);
INSERT INTO family_members (family_id, external_db_id, external_member_id, taxon_id) VALUES (4,2,'ENSMUSP00000215267',10090);
INSERT INTO family_members (family_id, external_db_id, external_member_id, taxon_id) VALUES (4,2,'ENSMUSP00000215530',10090);
INSERT INTO family_members (family_id, external_db_id, external_member_id, taxon_id) VALUES (4,2,'ENSMUSP00000218841',10090);
INSERT INTO family_members (family_id, external_db_id, external_member_id, taxon_id) VALUES (4,2,'ENSMUSP00000220396',10090);
INSERT INTO family_members (family_id, external_db_id, external_member_id, taxon_id) VALUES (4,2,'ENSMUSP00000223595',10090);
INSERT INTO family_members (family_id, external_db_id, external_member_id, taxon_id) VALUES (4,2,'ENSMUSP00000235965',10090);
INSERT INTO family_members (family_id, external_db_id, external_member_id, taxon_id) VALUES (4,3,'O15520',0);
INSERT INTO family_members (family_id, external_db_id, external_member_id, taxon_id) VALUES (4,3,'Q9N198',0);
INSERT INTO family_members (family_id, external_db_id, external_member_id, taxon_id) VALUES (4,3,'Q9N1B9',0);
INSERT INTO family_members (family_id, external_db_id, external_member_id, taxon_id) VALUES (4,3,'Q9NSJ0',0);
INSERT INTO family_members (family_id, external_db_id, external_member_id, taxon_id) VALUES (5,1,'ENSG000001135782',9606);
INSERT INTO family_members (family_id, external_db_id, external_member_id, taxon_id) VALUES (5,2,'ENSP00000226750',9606);
INSERT INTO family_members (family_id, external_db_id, external_member_id, taxon_id) VALUES (5,2,'ENSP00000226764',9606);
INSERT INTO family_members (family_id, external_db_id, external_member_id, taxon_id) VALUES (5,2,'ENSP00000231507',9606);
INSERT INTO family_members (family_id, external_db_id, external_member_id, taxon_id) VALUES (5,1,'ENSMUSG000001135782',10090);
INSERT INTO family_members (family_id, external_db_id, external_member_id, taxon_id) VALUES (5,2,'ENSMUSP00000226750',10090);
INSERT INTO family_members (family_id, external_db_id, external_member_id, taxon_id) VALUES (5,2,'ENSMUSP00000226764',10090);
INSERT INTO family_members (family_id, external_db_id, external_member_id, taxon_id) VALUES (5,2,'ENSMUSP00000231507',10090);
INSERT INTO family_members (family_id, external_db_id, external_member_id, taxon_id) VALUES (5,3,'O00527',0);
INSERT INTO family_members (family_id, external_db_id, external_member_id, taxon_id) VALUES (5,3,'Q16443',0);
INSERT INTO family_members (family_id, external_db_id, external_member_id, taxon_id) VALUES (5,3,'Q60487',0);
INSERT INTO family_members (family_id, external_db_id, external_member_id, taxon_id) VALUES (5,3,'Q9N0V2',0);
INSERT INTO family_members (family_id, external_db_id, external_member_id, taxon_id) VALUES (5,3,'Q9N1S7',0);
INSERT INTO family_members (family_id, external_db_id, external_member_id, taxon_id) VALUES (5,3,'Q9N1S8',0);
INSERT INTO family_members (family_id, external_db_id, external_member_id, taxon_id) VALUES (6,1,'ENSG000000753882',9606);
INSERT INTO family_members (family_id, external_db_id, external_member_id, taxon_id) VALUES (6,1,'ENSG000000785792',9606);
INSERT INTO family_members (family_id, external_db_id, external_member_id, taxon_id) VALUES (6,1,'ENSG000001024662',9606);
INSERT INTO family_members (family_id, external_db_id, external_member_id, taxon_id) VALUES (6,1,'ENSG000001026782',9606);
INSERT INTO family_members (family_id, external_db_id, external_member_id, taxon_id) VALUES (6,1,'ENSG000001074062',9606);
INSERT INTO family_members (family_id, external_db_id, external_member_id, taxon_id) VALUES (6,1,'ENSG000001088932',9606);
INSERT INTO family_members (family_id, external_db_id, external_member_id, taxon_id) VALUES (6,1,'ENSG000001092322',9606);
INSERT INTO family_members (family_id, external_db_id, external_member_id, taxon_id) VALUES (6,1,'ENSG000001101092',9606);
INSERT INTO family_members (family_id, external_db_id, external_member_id, taxon_id) VALUES (6,1,'ENSG000001112412',9606);
INSERT INTO family_members (family_id, external_db_id, external_member_id, taxon_id) VALUES (6,1,'ENSG000001142792',9606);
INSERT INTO family_members (family_id, external_db_id, external_member_id, taxon_id) VALUES (6,1,'ENSG000001159782',9606);
INSERT INTO family_members (family_id, external_db_id, external_member_id, taxon_id) VALUES (6,2,'ENSP00000168712',9606);
INSERT INTO family_members (family_id, external_db_id, external_member_id, taxon_id) VALUES (6,2,'ENSP00000180166',9606);
INSERT INTO family_members (family_id, external_db_id, external_member_id, taxon_id) VALUES (6,2,'ENSP00000218001',9606);
INSERT INTO family_members (family_id, external_db_id, external_member_id, taxon_id) VALUES (6,2,'ENSP00000218647',9606);
INSERT INTO family_members (family_id, external_db_id, external_member_id, taxon_id) VALUES (6,2,'ENSP00000218651',9606);
INSERT INTO family_members (family_id, external_db_id, external_member_id, taxon_id) VALUES (6,2,'ENSP00000218862',9606);
INSERT INTO family_members (family_id, external_db_id, external_member_id, taxon_id) VALUES (6,2,'ENSP00000221190',9606);
INSERT INTO family_members (family_id, external_db_id, external_member_id, taxon_id) VALUES (6,2,'ENSP00000224322',9606);
INSERT INTO family_members (family_id, external_db_id, external_member_id, taxon_id) VALUES (6,2,'ENSP00000226036',9606);
INSERT INTO family_members (family_id, external_db_id, external_member_id, taxon_id) VALUES (6,2,'ENSP00000226484',9606);
INSERT INTO family_members (family_id, external_db_id, external_member_id, taxon_id) VALUES (6,2,'ENSP00000227526',9606);
INSERT INTO family_members (family_id, external_db_id, external_member_id, taxon_id) VALUES (6,2,'ENSP00000228837',9606);
INSERT INTO family_members (family_id, external_db_id, external_member_id, taxon_id) VALUES (6,2,'ENSP00000232386',9606);
INSERT INTO family_members (family_id, external_db_id, external_member_id, taxon_id) VALUES (6,2,'ENSP00000232743',9606);
INSERT INTO family_members (family_id, external_db_id, external_member_id, taxon_id) VALUES (6,2,'ENSP00000234335',9606);
INSERT INTO family_members (family_id, external_db_id, external_member_id, taxon_id) VALUES (6,3,'O35340',0);
INSERT INTO family_members (family_id, external_db_id, external_member_id, taxon_id) VALUES (6,3,'O43320',0);
INSERT INTO family_members (family_id, external_db_id, external_member_id, taxon_id) VALUES (6,3,'O54769',0);
INSERT INTO family_members (family_id, external_db_id, external_member_id, taxon_id) VALUES (6,3,'O75846',0);
INSERT INTO family_members (family_id, external_db_id, external_member_id, taxon_id) VALUES (6,3,'Q9JLA6',0);
INSERT INTO family_members (family_id, external_db_id, external_member_id, taxon_id) VALUES (6,3,'Q9W6A1',0);
INSERT INTO family_members (family_id, external_db_id, external_member_id, taxon_id) VALUES (6,3,'Q9W6A2',0);
INSERT INTO family_members (family_id, external_db_id, external_member_id, taxon_id) VALUES (6,3,'Q9YGD8',0);
INSERT INTO family_members (family_id, external_db_id, external_member_id, taxon_id) VALUES (6,3,'Q9YH31',0);
INSERT INTO family_members (family_id, external_db_id, external_member_id, taxon_id) VALUES (7,1,'ENSG000001140582',9606);
INSERT INTO family_members (family_id, external_db_id, external_member_id, taxon_id) VALUES (7,2,'ENSP00000232161',9606);
INSERT INTO family_members (family_id, external_db_id, external_member_id, taxon_id) VALUES (8,1,'ENSG000001140575',9606);
INSERT INTO family_members (family_id, external_db_id, external_member_id, taxon_id) VALUES (8,2,'ENSP00000218657',9606);
INSERT INTO family_members (family_id, external_db_id, external_member_id, taxon_id) VALUES (9,1,'ENSG000000995552',9606);
INSERT INTO family_members (family_id, external_db_id, external_member_id, taxon_id) VALUES (9,2,'ENSP00000215304',9606);
INSERT INTO family_members (family_id, external_db_id, external_member_id, taxon_id) VALUES (10,1,'ENSG000001011382',9606);
INSERT INTO family_members (family_id, external_db_id, external_member_id, taxon_id) VALUES (10,2,'ENSP00000217109',9606);

###
INSERT INTO taxon (taxon_id,genus,species,common_name,classification) VALUES (0,'Unknown','unknow','Unknown','Unknown');
INSERT INTO taxon (taxon_id,genus,species,common_name,classification) VALUES (9606,'Homo','sapiens','human','sapiens Homo Hominidae Catarrhini Primates Eutheria Mammalia Euteleostomi Vertebrata Craniata Chordata Metazoa Eukaryota');
INSERT INTO taxon (taxon_id,genus,species,common_name,classification) VALUES (10090,'Mus','musculus','house mouse','musculus Mus Murinae Muridae Sciurognathi Rodentia Eutheria Mammalia Euteleostomi Vertebrata Craniata Chordata Metazoa Eukaryota');
INSERT INTO taxon (taxon_id,genus,species,common_name,classification) VALUES (31033,'Fugu','rubripes','Japanese pufferfish','rubripes Fugu Tetraodontidae Tetraodontiformes Percomorpha Acanthopterygii Acanthomorpha Neoteleostei Euteleostei Teleostei Neopterygii Actinopterygii Euteleostomi Vertebrata Craniata Chordata Metazoa Eukaryota');


###
INSERT INTO alignments (family_id, alignment) VALUES (1,'CLUSTAL W (1.82) multiple sequence alignment\n\n\nAD13_HUMAN           MSLPIFVFSFNLEHVFVFLLSLSFGLDFILLPFFSSFPSTEAVGKFSGLITRGILRSPRS\nENSP00000245176      PTYPIFVFSFNLEHVFVFLLSLSFGLDFILLPFFSSFPSTEAVGKFSGLITRGILRSPRS\n                      : *********************************************************\n\nAD13_HUMAN           FAFAMASDIIRLAFSCLLSDSTFFLCFFSDMTLTWVFCNLVYVPEPSLFLEDGGLP-LGL\nENSP00000245176      FAFAMASDIIRLAFSCLLSDSTFFLCFFSDMTLTWVFCNLVYVPEPSLFLEDGGYRNKNI\n                     ******************************************************    .:\n\nAD13_HUMAN           FT---EDIFGVRQRLALCFFTTPGSAQEKSIERRFLNGLFSKLQPRDAQPSTNTHFDLST\nENSP00000245176      FYRIYQNIFGVRQRLALCFFTTPGSAQEKSIERRFLNGLFSKLQPRDAQPSTNTHFDLST\n                     *    ::*****************************************************\n\nAD13_HUMAN           HFCLGKFISTVHPI\nENSP00000245176      HFCLGKFISTVHPI\n                     **************\n');
INSERT INTO alignments (family_id, alignment) VALUES (2,'CLUSTAL W (1.82) multiple sequence alignment\n\n\nADA2_HUMAN           MDRLGSFSNDPSDKPPCRGCSSYLMEPYIKCAECGPPPFFLCLQCFTRGFEYKKHQSDHT\nENSP00000225396      --------DDPSDKPPCRGCSSYLMEPYIKCAECGPPPFFLCLQCFTRGFEYKKHQSDHT\n                             :***************************************************\n\nADA2_HUMAN           YEIMTSDFPVLDPSWTAQEEMALLEAVMDCGFGNWQDVANQMCTKTKEECEKHYMKHFIN\nENSP00000225396      YEIMTSDFPVLDPSWTAQEEMALLEAVMDCGFGNWQDVANQMCTKTKEECEKHYMKHFIN\n                     ************************************************************\n\nADA2_HUMAN           NPLFASTLLNLKQAEEAKTADTAIPFHSTDDPPRPTFDSLLSRDMAGYMPARADFIEEFD\nENSP00000225396      NPLFASTLLNLKQAEEAKTADTAIPFHSTDDPPRPTFDSLLSRDMAGYMPARADFIEEFD\n                     ************************************************************\n\nADA2_HUMAN           NYAEWDLRDIDFVEDDSDILHALKMAVVDIYHSRLKERQRRKKIIRDHGLINLRKFQLME\nENSP00000225396      NYAEWDLRDIDFVEDDSDILHALKMAVVDIYHSRLKERQRRKKIKNHPGLLSALDY-LME\n                     ******************************************** .. **:.  .: ***\n\nADA2_HUMAN           RRYPKEVQDLYETMRRFARIVGPVEHDKFIESHALEFELRREIKRLQEYRTAGITNFCSA\nENSP00000225396      RRYPKEVQDLYETMRRFARIVGPVEHDKFIESHALEFELRREIKRLQEYRTAGITNFCSA\n                     ************************************************************\n\nADA2_HUMAN           RTYDHLKKTREEERLKRTMLSEVLQYIQDSSACQQWLRRQADIDSGLSPSIPMASNSGRR\nENSP00000225396      RTYDHLKKTREEERLKRTMLSEVLQYIQDSSACQQWLRRQADIDSGLSPSIPMASNSGRR\n                     ************************************************************\n\nADA2_HUMAN           SAPPLNLTGLPGTEKLNEKEKELCQMVRLVPGAYLEYKSALLNECNKQGGLRLAQARALI\nENSP00000225396      SAPPLNLTGLPGTEKLNEKEKELCQMVRLVPGAYLEYKSALLNECNKQGGLRLAQARALI\n                     ************************************************************\n\nADA2_HUMAN           KIDVNKTRKIYDFLIREGYITKG\nENSP00000225396      KIDVNKTRKIYDFLIREGYITKG\n                     ***********************\n');
INSERT INTO alignments (family_id, alignment) VALUES (3,'CLUSTAL W (1.82) multiple sequence alignment\n\n\nALG3_HUMAN           MAAGLRKRGRSGSAAQAEGLCKQWLQRAWQERRLLLREPRYTLLVAACLCLAEVGITFWV\nENSP00000233009      MAAGLRKRGRSGSAAQAEGLCKQWLQRAWQERRLLLREPRYTLLVAACLCLAEVGITFWV\n                     ************************************************************\n\nALG3_HUMAN           IHRVAYTEIDWKAYMAEVEGVINGTYDYTQLQGDTGPLVYPAGFVYIFMGLYYATSRGTD\nENSP00000233009      IHRVAYTEIDWKAYMAEVEGVINGTYDYTQLQGDTGPLVYPAGFVYIFMGLYYATSRGTD\n                     ************************************************************\n\nALG3_HUMAN           IRMAQNIFAVLYLATLLLVFLIYHQTCKVPPFVFFFMCCASYRVHSIFVLRLFNDPVAMV\nENSP00000233009      IRMAQNIFAVLYLATLLLVFLIYHQTCKVPPFVFFFMCCASYRVHSIFVLRLFNDPVAMV\n                     ************************************************************\n\nALG3_HUMAN           LLFLSINLLLAQRWGWGCCFFSLAVSVKMNVLLFAPGLLFLLLTQFGFRGALPKLGICAG\nENSP00000233009      LLFLSINLLLAQRWGWGCCFFSLAVSVKMNVLLFAPGLLFLLLTQFGFRGALPKLGICAG\n                     ************************************************************\n\nALG3_HUMAN           LQVVLGLPFLLENPSGYLSRSFDLGRQFLFHWTVNWRFLPEALFLHRAFHLALLTAHLTL\nENSP00000233009      LQVVLGLPFLLENPSGYLSRSFDLGRQFLFHWTVNWRFLPEALFLHRAFHLALLTAHLTL\n                     ************************************************************\n\nALG3_HUMAN           LLLFALCRWHRTGESILSLLRDPSKRKVPPQPLTPN------QIVSTLFTSNFIGICFSR\nENSP00000233009      LLLFALCRWHRTGESILSLLRDPSKRKVPPQPLTPNHILNCGKIVSTLFTSNFIGICFSR\n                     ************************************      :*****************\n\nALG3_HUMAN           SLHYQFYVWYFHTLPYLLWAMPARWLTHLLRLLVLGLIELSWNTYPSTSCSSAALHICHA\nENSP00000233009      SLHYQFYVWYFHTLPYLLWAMPARWLTHLLRLLVLGLIELSWNTYPSTSCSSAALHICHA\n                     ************************************************************\n\nALG3_HUMAN           VILLQLWLGPQPFPKSTQHSKKAH\nENSP00000233009      VILLQLWLGPQPFPKSTQHSKKAH\n                     ************************\n');
